empid,name,salary
1000,James,93065
1001,Emily,76409
1002,Michael,84250
1003,James,75007
1004,John,61667
1005,Jane,63576
1006,Michael,71354
1007,Michael,77740
1008,Michael,51374
1009,Jane,84229
1010,David,97607
1011,Emily,60786
1012,Laura,68469
1013,Emily,41112
1014,John,73602
1015,Jane,83070
1016,Jane,55997
1017,Michael,67706
1018,John,68064
1019,James,81407
1020,John,68484
1021,Olivia,77994
1022,James,98690
1023,Emily,90334
1024,John,82122
1025,Olivia,85889
1026,John,71853
1027,Robert,48536
1028,James,52482
1029,Sarah,94846
1030,John,50847
1031,Sarah,53395
1032,James,66130
1033,Michael,68474
1034,John,92725
1035,Olivia,75413
1036,James,66887
1037,David,79169
1038,Jane,57699
1039,James,65730
1040,Sarah,81936
1041,Robert,74063
1042,Laura,64555
1043,Laura,97212
1044,Laura,79026
1045,Jane,43853
1046,Olivia,63326
1047,Sarah,87403
1048,Olivia,86221
1049,David,87883
1050,Robert,48152
1051,Robert,58689
1052,Michael,88983
1053,Jane,73467
1054,Robert,60167
1055,John,63952
1056,John,67243
1057,John,50849
1058,Sarah,59247
1059,Emily,60954
1060,Sarah,50011
1061,Laura,76204
1062,Olivia,46746
1063,James,84441
1064,David,75507
1065,John,76022
1066,James,88619
1067,James,41301
1068,Michael,66766
1069,John,64052
1070,James,65950
1071,Emily,97237
1072,John,94357
1073,Michael,78769
1074,Olivia,65562
1075,Robert,81196
1076,Olivia,49397
1077,Olivia,58771
1078,Laura,44091
1079,Laura,97510
1080,James,76680
1081,Olivia,90588
1082,Sarah,96806
1083,Sarah,63245
1084,Laura,85947
1085,Olivia,89254
1086,Sarah,40911
1087,Olivia,47032
1088,James,82788
1089,Olivia,57807
1090,Jane,80715
1091,David,54871
1092,David,79212
1093,James,99067
1094,Michael,81092
1095,Emily,42624
1096,Laura,88518
1097,Michael,44851
1098,David,41535
1099,Robert,88244
1100,Emily,70053
1101,James,55016
1102,Laura,99167
1103,Laura,73853
1104,Michael,50273
1105,Michael,91218
1106,Olivia,60659
1107,Jane,71434
1108,Robert,72814
1109,James,76836
1110,Robert,52833
1111,Emily,93627
1112,Olivia,71374
1113,Olivia,54145
1114,Michael,63442
1115,Laura,57637
1116,Laura,42336
1117,Emily,69203
1118,Sarah,63780
1119,Olivia,84773
1120,Michael,83702
1121,David,46836
1122,James,65241
1123,Jane,58864
1124,Laura,64885
1125,John,45775
1126,James,77761
1127,Laura,56230
1128,Jane,53969
1129,John,67280
1130,Jane,83554
1131,Robert,90936
1132,Emily,93229
1133,Sarah,94388
1134,Laura,42020
1135,Sarah,78771
1136,John,55913
1137,Michael,81609
1138,Olivia,89916
1139,Michael,40036
1140,David,42996
1141,Michael,65901
1142,Jane,90455
1143,Laura,47767
1144,Michael,55618
1145,Robert,64638
1146,Sarah,51677
1147,James,75397
1148,James,60232
1149,Sarah,94085
1150,Robert,79508
1151,Jane,71849
1152,Jane,86819
1153,Sarah,52972
1154,Jane,77394
1155,Laura,62782
1156,Laura,71500
1157,Michael,99212
1158,Sarah,63364
1159,Robert,41771
1160,David,60925
1161,Jane,60661
1162,James,81374
1163,James,49793
1164,Robert,74496
1165,James,41193
1166,David,76683
1167,James,46347
1168,Jane,77650
1169,David,58752
1170,Jane,59973
1171,Michael,75798
1172,Robert,56563
1173,Robert,48030
1174,James,81024
1175,Michael,94441
1176,Olivia,50779
1177,Emily,43785
1178,Emily,61229
1179,Sarah,80735
1180,Olivia,61585
1181,Olivia,75004
1182,Robert,94782
1183,Olivia,97469
1184,Robert,56017
1185,Jane,46291
1186,Michael,50540
1187,James,58568
1188,Laura,74942
1189,Emily,65690
1190,Sarah,77512
1191,Sarah,44550
1192,Olivia,90039
1193,Michael,57757
1194,Laura,59738
1195,David,86877
1196,John,71345
1197,David,85173
1198,Laura,43009
1199,Robert,75132
1200,John,70650
1201,Laura,58651
1202,John,75656
1203,Olivia,75307
1204,Jane,56564
1205,Michael,48023
1206,Sarah,80921
1207,Sarah,60783
1208,Emily,57507
1209,Olivia,86981
1210,John,47591
1211,Jane,77730
1212,David,43405
1213,Jane,58689
1214,Olivia,95509
1215,James,53936
1216,Jane,69900
1217,David,44675
1218,Michael,63826
1219,John,49973
1220,Laura,43281
1221,Robert,62991
1222,James,78524
1223,Sarah,77310
1224,David,91639
1225,Olivia,41235
1226,Jane,95263
1227,Jane,73272
1228,Olivia,92912
1229,Jane,62717
1230,Laura,59948
1231,Jane,66952
1232,James,55179
1233,Robert,79146
1234,John,98576
1235,Olivia,57293
1236,David,56388
1237,Michael,77542
1238,John,41831
1239,Olivia,60715
1240,Olivia,78581
1241,Laura,42821
1242,Laura,75702
1243,Laura,49375
1244,Olivia,44371
1245,Sarah,58869
1246,Robert,73714
1247,Michael,53803
1248,David,60721
1249,Olivia,40335
1250,Sarah,85650
1251,Robert,92033
1252,Laura,47363
1253,Laura,57951
1254,Sarah,76093
1255,James,94483
1256,Jane,44553
1257,Emily,61482
1258,Laura,91474
1259,John,58883
1260,David,61386
1261,Robert,56030
1262,Sarah,63896
1263,Olivia,78936
1264,Jane,72293
1265,Laura,88356
1266,Olivia,50109
1267,Olivia,55150
1268,Sarah,87531
1269,Jane,76608
1270,David,84787
1271,John,91240
1272,Robert,50419
1273,John,63993
1274,Sarah,72929
1275,Robert,62774
1276,Jane,90382
1277,Laura,71187
1278,James,95572
1279,Sarah,46316
1280,David,43301
1281,Laura,54483
1282,Laura,65549
1283,James,81040
1284,Michael,58624
1285,Michael,84608
1286,Laura,43871
1287,Emily,46296
1288,Sarah,43031
1289,Robert,86750
1290,Michael,92253
1291,Sarah,84947
1292,Laura,57502
1293,Jane,93222
1294,John,71279
1295,Olivia,77177
1296,Michael,84658
1297,John,97643
1298,Olivia,54868
1299,Robert,72756
1300,Michael,61400
1301,Sarah,96215
1302,Robert,55905
1303,Laura,40817
1304,Olivia,79448
1305,Jane,44969
1306,David,44262
1307,Sarah,89190
1308,David,73350
1309,Robert,56168
1310,Robert,67024
1311,James,58210
1312,Michael,99376
1313,James,62946
1314,Sarah,57756
1315,Michael,55135
1316,Michael,98787
1317,David,60320
1318,James,41481
1319,Emily,67927
1320,Laura,48782
1321,Olivia,79441
1322,Michael,72372
1323,David,43405
1324,Laura,79486
1325,John,97407
1326,Robert,48141
1327,Olivia,72547
1328,Sarah,80277
1329,Sarah,79878
1330,James,74656
1331,Jane,97332
1332,David,61610
1333,Laura,63209
1334,Emily,47477
1335,John,86472
1336,Jane,99023
1337,Michael,48279
1338,Laura,46094
1339,Emily,92771
1340,Jane,76590
1341,Sarah,44407
1342,James,84885
1343,David,99414
1344,Emily,99643
1345,John,78768
1346,Sarah,43223
1347,Michael,54764
1348,Olivia,75243
1349,Jane,77692
1350,John,90924
1351,Laura,78805
1352,Sarah,46685
1353,Olivia,88265
1354,Emily,82444
1355,James,55631
1356,James,48966
1357,Robert,75325
1358,Robert,79653
1359,Michael,54306
1360,Sarah,85316
1361,Emily,57217
1362,Laura,94412
1363,Michael,93074
1364,John,70326
1365,Laura,89436
1366,Emily,57735
1367,Olivia,54923
1368,James,97773
1369,Sarah,95372
1370,John,59598
1371,Robert,96136
1372,John,56239
1373,Emily,41730
1374,Olivia,92590
1375,John,54689
1376,Laura,60557
1377,Laura,70345
1378,Olivia,98053
1379,Robert,45383
1380,Robert,53596
1381,Laura,99028
1382,John,93270
1383,Robert,88373
1384,Emily,50585
1385,David,43276
1386,David,75667
1387,Sarah,98798
1388,Robert,93780
1389,Robert,83317
1390,James,70171
1391,Michael,51728
1392,Laura,57500
1393,Robert,75134
1394,Emily,92320
1395,Olivia,61818
1396,David,66693
1397,Laura,81548
1398,Robert,58795
1399,Laura,46894
1400,James,66810
1401,James,81447
1402,Sarah,77754
1403,John,60301
1404,Laura,95180
1405,Michael,89372
1406,John,99781
1407,David,95557
1408,Sarah,65283
1409,Olivia,85186
1410,Olivia,85333
1411,Sarah,53238
1412,John,99788
1413,Robert,43298
1414,Robert,40689
1415,Robert,55833
1416,Jane,48318
1417,John,98658
1418,Michael,73638
1419,Michael,87614
1420,Olivia,64998
1421,Jane,40713
1422,Michael,71956
1423,Laura,62215
1424,Robert,57905
1425,Michael,66018
1426,Robert,46279
1427,James,87123
1428,Jane,98453
1429,Robert,69111
1430,Michael,74807
1431,John,94431
1432,Robert,45126
1433,Emily,99543
1434,David,64273
1435,Sarah,62252
1436,Jane,51464
1437,James,63991
1438,John,93152
1439,Robert,60297
1440,James,64749
1441,James,42660
1442,Michael,42946
1443,John,55482
1444,Sarah,58623
1445,Robert,48565
1446,David,73186
1447,John,88602
1448,Olivia,82553
1449,Emily,54660
1450,Laura,52290
1451,Michael,41255
1452,Laura,96045
1453,John,60116
1454,Laura,86519
1455,Sarah,56338
1456,Olivia,88836
1457,Laura,59331
1458,John,60429
1459,Jane,73070
1460,Olivia,50124
1461,Michael,42406
1462,Jane,41581
1463,Robert,58324
1464,Olivia,94891
1465,David,43740
1466,Sarah,68741
1467,James,71927
1468,Laura,58535
1469,Sarah,84686
1470,Jane,49652
1471,Olivia,96437
1472,David,80100
1473,John,73931
1474,David,46939
1475,Jane,61942
1476,David,94759
1477,Olivia,74406
1478,Laura,68276
1479,Michael,41204
1480,Jane,89192
1481,Robert,50429
1482,Jane,69762
1483,John,43549
1484,Sarah,80797
1485,Olivia,83225
1486,Robert,61927
1487,Michael,55444
1488,John,51013
1489,James,81254
1490,Laura,54602
1491,Emily,86965
1492,Olivia,40006
1493,Emily,99985
1494,David,61653
1495,Olivia,58173
1496,Emily,80799
1497,James,48975
1498,Emily,60012
1499,Jane,60499
1500,Laura,81756
1501,Robert,84256
1502,Michael,70795
1503,James,69818
1504,Emily,85452
1505,John,87735
1506,Jane,99969
1507,Robert,51920
1508,Olivia,61050
1509,James,97410
1510,Michael,61379
1511,Emily,66743
1512,Olivia,95034
1513,Emily,74527
1514,John,42321
1515,David,85353
1516,Olivia,54042
1517,Michael,54732
1518,Michael,54351
1519,Olivia,41583
1520,Michael,86214
1521,Emily,77660
1522,Sarah,45967
1523,Sarah,48524
1524,James,69683
1525,Robert,48588
1526,Robert,54149
1527,Laura,60710
1528,David,78366
1529,James,89718
1530,Emily,51326
1531,David,76297
1532,Sarah,60449
1533,Sarah,80264
1534,John,46210
1535,James,71533
1536,John,40194
1537,Robert,83998
1538,Olivia,81201
1539,Jane,65685
1540,Olivia,59851
1541,Michael,44607
1542,Robert,79682
1543,Laura,45445
1544,Sarah,72970
1545,Jane,97145
1546,Jane,82671
1547,Sarah,40733
1548,James,85842
1549,John,55238
1550,Emily,80345
1551,Michael,87952
1552,Emily,99078
1553,David,49123
1554,Laura,83339
1555,Jane,91061
1556,Jane,58664
1557,John,77388
1558,Michael,60167
1559,Robert,95970
1560,Sarah,42699
1561,Olivia,49080
1562,John,69098
1563,Olivia,99613
1564,David,44740
1565,John,81088
1566,Michael,76904
1567,Emily,51246
1568,Emily,59536
1569,Sarah,87986
1570,Jane,98200
1571,John,83809
1572,Jane,99057
1573,Sarah,53330
1574,Olivia,67697
1575,Robert,86090
1576,Jane,44333
1577,John,90688
1578,John,82150
1579,Laura,52979
1580,Robert,44728
1581,Robert,85241
1582,James,79371
1583,John,47882
1584,Jane,44840
1585,Olivia,57557
1586,Emily,42264
1587,Emily,59482
1588,Robert,58841
1589,Jane,95187
1590,John,76130
1591,Emily,86713
1592,Olivia,74323
1593,Laura,46148
1594,James,96957
1595,David,85647
1596,Michael,54403
1597,Jane,91297
1598,Sarah,97033
1599,James,55445
1600,Emily,52110
1601,Laura,57909
1602,Emily,75835
1603,Jane,61238
1604,Emily,71208
1605,Sarah,85618
1606,Laura,88488
1607,James,84797
1608,James,82830
1609,Jane,73969
1610,Olivia,59129
1611,Robert,42240
1612,Michael,49898
1613,John,98670
1614,Michael,69634
1615,John,50295
1616,Michael,61840
1617,David,96384
1618,Michael,46600
1619,David,41501
1620,James,85752
1621,Laura,41437
1622,Robert,46717
1623,James,74496
1624,James,66432
1625,David,67846
1626,Michael,82815
1627,Jane,77956
1628,Robert,95351
1629,Emily,44310
1630,James,44094
1631,Sarah,81903
1632,Michael,45112
1633,Emily,64688
1634,Sarah,64348
1635,Sarah,87057
1636,Emily,93418
1637,David,91095
1638,Emily,87089
1639,Olivia,67868
1640,Laura,46625
1641,John,41675
1642,John,51655
1643,Sarah,97227
1644,Michael,60607
1645,Robert,66807
1646,John,51033
1647,Michael,62829
1648,Robert,62338
1649,Michael,56561
1650,Laura,79807
1651,David,82266
1652,Jane,93570
1653,John,65165
1654,Jane,68656
1655,John,75659
1656,Olivia,69678
1657,Emily,59192
1658,James,56725
1659,James,77156
1660,James,71980
1661,David,44210
1662,Robert,48859
1663,Laura,47401
1664,John,64540
1665,David,44816
1666,James,40497
1667,Olivia,40708
1668,David,97435
1669,Michael,96941
1670,Laura,70103
1671,John,72207
1672,Robert,65690
1673,Laura,74527
1674,John,66411
1675,Sarah,76794
1676,Jane,94276
1677,Michael,74834
1678,Jane,83739
1679,David,47488
1680,Sarah,61526
1681,James,66958
1682,Robert,93529
1683,James,73016
1684,Emily,78904
1685,Michael,47706
1686,Sarah,40623
1687,Laura,91349
1688,Jane,86652
1689,James,82436
1690,James,66596
1691,James,70964
1692,Robert,65427
1693,Michael,51421
1694,Laura,87696
1695,Emily,65824
1696,Sarah,83083
1697,Jane,47427
1698,Olivia,73454
1699,Robert,57011
1700,John,53802
1701,Robert,83076
1702,John,43942
1703,Laura,69956
1704,Emily,76814
1705,Olivia,72953
1706,James,86842
1707,Michael,47361
1708,Laura,82931
1709,Michael,58432
1710,Emily,66031
1711,John,90496
1712,Sarah,58933
1713,John,79104
1714,Emily,61706
1715,John,69641
1716,Jane,73449
1717,Laura,65701
1718,John,73449
1719,Laura,92339
1720,Michael,51626
1721,James,51820
1722,Robert,60961
1723,James,51284
1724,Robert,78158
1725,Jane,51618
1726,Michael,68227
1727,Robert,46529
1728,Jane,59229
1729,David,89704
1730,Jane,76160
1731,Emily,76927
1732,Michael,76008
1733,Sarah,55034
1734,Emily,88178
1735,James,45618
1736,Laura,92586
1737,John,61528
1738,Robert,81127
1739,Michael,85098
1740,John,95876
1741,Olivia,66088
1742,Sarah,46770
1743,Michael,69529
1744,David,47415
1745,Sarah,49065
1746,Michael,56003
1747,Sarah,70022
1748,John,70571
1749,Sarah,91754
1750,John,67206
1751,James,61265
1752,David,40981
1753,Sarah,52730
1754,Emily,80749
1755,Olivia,42270
1756,John,79510
1757,James,81720
1758,Olivia,59461
1759,David,68265
1760,James,60597
1761,Jane,95052
1762,David,96684
1763,Michael,40775
1764,Olivia,81334
1765,Robert,55058
1766,Sarah,63392
1767,Robert,94898
1768,David,50579
1769,David,55754
1770,Robert,61364
1771,Emily,58912
1772,Michael,55074
1773,Olivia,92068
1774,Sarah,48426
1775,Michael,98092
1776,Emily,43803
1777,Michael,40805
1778,Laura,43939
1779,Jane,79293
1780,David,87230
1781,James,94554
1782,David,68311
1783,Olivia,42812
1784,Jane,87258
1785,Olivia,73475
1786,Sarah,42547
1787,Laura,62091
1788,Michael,89194
1789,Laura,50078
1790,David,48547
1791,Michael,55251
1792,Emily,60759
1793,Emily,79699
1794,Sarah,80479
1795,Olivia,80439
1796,Emily,51397
1797,Olivia,95061
1798,Robert,71882
1799,David,71807
1800,Michael,97891
1801,Emily,74295
1802,Jane,68967
1803,Emily,79295
1804,James,52591
1805,David,81650
1806,Laura,73544
1807,Jane,51829
1808,David,72943
1809,Jane,58842
1810,David,92953
1811,Jane,52613
1812,Sarah,57599
1813,James,82432
1814,Laura,70958
1815,James,77231
1816,James,68660
1817,James,62684
1818,Jane,66470
1819,Jane,84136
1820,Robert,60046
1821,John,70553
1822,Olivia,83748
1823,James,71753
1824,John,85436
1825,Jane,58873
1826,Emily,92572
1827,John,79762
1828,David,57587
1829,Robert,89705
1830,Michael,43036
1831,John,81549
1832,Michael,80020
1833,Robert,88917
1834,Sarah,64215
1835,Robert,54798
1836,Laura,71080
1837,John,44392
1838,Olivia,85589
1839,Robert,66244
1840,Laura,74450
1841,Michael,95003
1842,Laura,90396
1843,Sarah,94776
1844,Robert,88853
1845,Sarah,42318
1846,David,40454
1847,Robert,97253
1848,Michael,74855
1849,Jane,92800
1850,James,41943
1851,David,75766
1852,Jane,88857
1853,Emily,60931
1854,Emily,76892
1855,Sarah,42865
1856,Laura,60282
1857,Robert,61681
1858,Laura,84854
1859,Sarah,41848
1860,James,74077
1861,Sarah,55860
1862,John,77219
1863,Jane,64248
1864,James,94452
1865,Olivia,41440
1866,Sarah,64994
1867,Olivia,74629
1868,Michael,40357
1869,John,71950
1870,David,90788
1871,Emily,74886
1872,Olivia,64051
1873,John,60282
1874,James,96369
1875,Sarah,99432
1876,Sarah,51262
1877,Emily,62015
1878,Emily,92469
1879,Emily,76949
1880,Robert,51613
1881,John,93158
1882,John,93198
1883,Michael,90728
1884,Jane,49482
1885,John,72991
1886,James,62990
1887,Laura,97321
1888,John,58696
1889,Laura,82799
1890,James,96148
1891,Emily,44162
1892,Sarah,54021
1893,David,63088
1894,Olivia,89179
1895,Jane,56338
1896,Jane,85288
1897,Sarah,66044
1898,Emily,61153
1899,David,89279
1900,John,85317
1901,Olivia,48655
1902,David,61484
1903,Sarah,52402
1904,Emily,83369
1905,Sarah,93872
1906,Olivia,78966
1907,Emily,75148
1908,Jane,65474
1909,Jane,94863
1910,Olivia,47484
1911,Olivia,66116
1912,Laura,77023
1913,Laura,65659
1914,David,41499
1915,David,46722
1916,Jane,90950
1917,Emily,51581
1918,Laura,54357
1919,James,58608
1920,David,63439
1921,Laura,41825
1922,John,40147
1923,James,95019
1924,Sarah,75944
1925,David,86840
1926,David,40793
1927,James,75812
1928,Jane,90867
1929,James,87520
1930,David,72234
1931,Jane,82789
1932,Sarah,91482
1933,Olivia,47913
1934,Olivia,87413
1935,Jane,62025
1936,Olivia,51945
1937,James,86855
1938,Olivia,45469
1939,Olivia,91225
1940,Sarah,90244
1941,Sarah,46772
1942,Michael,84754
1943,Laura,78369
1944,James,98167
1945,Jane,52504
1946,Jane,79257
1947,John,75033
1948,Olivia,52582
1949,Sarah,73713
1950,James,70967
1951,Olivia,93850
1952,Laura,89235
1953,James,76536
1954,John,79328
1955,Olivia,77958
1956,Jane,88548
1957,Laura,77814
1958,Sarah,94234
1959,Michael,95911
1960,James,44527
1961,John,87048
1962,Jane,84301
1963,Emily,67976
1964,Jane,58164
1965,Jane,82153
1966,Laura,51292
1967,John,61898
1968,Robert,74247
1969,David,57934
1970,John,79583
1971,James,66161
1972,Michael,80003
1973,Olivia,73975
1974,Olivia,77962
1975,John,81509
1976,David,73497
1977,David,53328
1978,Michael,50253
1979,Emily,80656
1980,Michael,55391
1981,John,86383
1982,Robert,65513
1983,Jane,96952
1984,Laura,59084
1985,Olivia,56505
1986,Robert,86102
1987,James,65346
1988,Olivia,86169
1989,Laura,58000
1990,John,45011
1991,Jane,47067
1992,Jane,58716
1993,John,73357
1994,Jane,66634
1995,Michael,77575
1996,Emily,72191
1997,Olivia,43554
1998,Michael,46684
1999,Jane,98895
